team,trophies,finals,playoff_appearances,playoff_rate,trophy_rate
CSK,5,10,15,78.95,33.33
MI,5,6,10,52.63,50.0
KKR,3,4,12,63.16,25.0
RCB,2,5,11,57.89,18.18
GT,1,3,2,10.53,50.0
RR,1,2,6,31.58,16.67
SRH,1,3,6,31.58,16.67
DEC,1,1,2,10.53,50.0
KTK,0,0,1,5.26,0.0
DC,0,1,6,31.58,0.0
PBKS,0,2,4,21.05,0.0
GL,0,0,1,5.26,0.0
